0,2.25
1,0.375
2,2.875
3,1.875
4,1.0
5,-0.5
6,6.5
7,3.25
8,-0.125
9,0.0
10,0.25
11,0.875
12,-0.25
13,1.75
14,-0.625
15,0.875
16,0.5
17,1.125
18,0.375
19,2.125
20,1.375
21,0.75
22,2.25
23,1.25
24,0.125
25,4.875
26,0.75
27,0.75
28,1.875
29,-0.625
30,2.0
31,7.75
32,1.125
33,-0.25
34,2.125
35,0.0
36,0.5
37,2.125
38,2.875
39,0.75
40,1.375
41,0.0
42,0.25
43,0.0
44,0.125
45,0.75
46,-1.056
47,3.75
48,0.625
49,0.625
50,2.25
51,0.0
52,7.125
53,0.375
54,1.875
55,-3.5
56,1.5
57,0.125
58,0.25
59,-0.125
60,0.5
61,0.625
62,3.625
63,0.625
64,2.25
65,1.125
66,-0.75
67,2.25
68,1.25
69,-0.625
70,0.5
71,0.0
72,0.5
73,-1.25
74,3.25
75,2.125
76,1.125
77,1.5
78,0.625
79,1.0
80,1.625
81,0.875
82,0.875
83,2.25
84,-0.25
85,1.875
86,2.0
87,0.375
88,1.625
89,-0.75
90,-0.125
91,1.0
92,0.0
93,-2.125
94,1.25
95,0.125
96,2.125
97,1.0
98,0.25
99,-1.125
100,0.0
101,0.875
102,2.875
103,0.75
104,-0.125
105,0.875
106,2.0
107,1.875
108,1.875
109,1.0
110,0.5
111,0.0
112,0.875
113,0.125
114,-0.25
115,1.625
116,0.125
117,0.75
118,2.125
119,1.0
120,-0.375
121,1.75
122,0.5
123,0.0
124,0.125
125,0.0
126,0.25
127,-1.125
128,2.0
129,2.375
130,1.0
131,4.375
132,0.125
133,0.75
134,0.125
135,1.875
136,1.625
137,5.375
138,3.0
139,0.0
140,1.625
141,2.875
142,3.75
143,0.25
144,1.25
145,-0.25
146,1.125
147,2.625
148,1.875
149,-1.625
150,-0.5
151,1.5
152,0.5
153,-0.25
154,0.5
155,1.875
156,1.25
157,-0.5
158,0.875
159,1.0
160,2.125
161,2.375
162,2.0
163,6.125
164,0.625
165,-1.0
166,2.5
167,0.125
168,2.125
169,1.125
170,1.875
171,2.875
172,0.5
173,-1.125
174,0.0
175,1.375
176,0.125
177,1.875
178,0.625
179,0.75
180,-1.0
181,2.5
182,3.125
183,-0.125
184,1.375
185,0.125
186,5.75
187,0.0
188,-0.375
189,2.375
190,2.0
191,2.875
192,0.25
193,5.375
194,1.5
195,-1.0
196,1.0
197,3.25
198,3.375
199,4.125
200,0.0
201,0.125
202,-0.25
203,2.75
204,-1.5
205,0.75
206,0.375
207,1.069
208,6.0
209,3.125
210,2.875
211,1.125
212,0.5
213,0.375
214,2.75
215,0.375
216,2.0
217,-0.125
218,0.375
219,0.25
220,-3.75
221,1.875
222,-1.125
223,1.375
224,2.5
225,1.25
226,0.125
227,-0.75
228,3.375
229,0.375
230,3.125
231,0.5
232,-0.625
233,0.875
234,1.125
235,0.625
236,1.625
237,2.75
238,0.125
239,1.125
240,1.125
241,0.375
242,2.375
243,-0.556
244,1.5
245,1.875
246,0.875
247,2.75
248,0.75
249,3.375
250,0.0
251,-0.125
252,-0.375
253,-0.625
254,0.375
255,3.875
256,0.5
257,1.5
258,2.25
259,3.25
260,-0.25
261,0.625
262,4.0
263,0.375
264,0.875
265,0.0
266,2.0
267,1.625
268,1.25
269,1.25
270,5.25
271,2.75
272,1.375
273,-0.75
274,-1.375
275,1.25
276,2.875
277,-0.25
278,1.75
279,2.125
280,5.75
281,0.625
282,1.0
283,4.875
284,5.125
285,1.0
286,3.25
287,1.625
288,1.625
289,0.5
290,0.5
291,2.625
292,3.125
293,2.125
294,1.625
295,0.0
296,0.5
297,1.0
298,-0.25
299,2.75
300,2.375
301,-0.125
302,1.0
303,-2.0
304,-0.625
305,0.125
306,2.125
307,0.375
308,0.0
309,1.625
310,-0.25
311,1.75
312,0.875
313,1.125
314,3.875
315,4.125
316,2.25
317,3.625
318,0.625
319,0.125
320,1.375
321,2.25
322,3.125
323,-0.5
324,2.5
325,0.0
326,0.0
327,2.0
328,1.875
329,-0.375
330,5.125
331,4.25
332,2.75
333,1.0
334,0.625
335,2.625
336,0.625
337,0.75
338,0.75
339,3.875
340,0.0
341,7.0
342,-0.625
343,0.0
344,1.25
345,1.5
346,2.25
347,4.0
348,3.25
349,0.875
350,1.0
351,1.0
352,1.5
353,0.75
354,0.75
355,0.25
356,0.25
357,-0.125
358,3.5
359,1.875
360,2.625
361,3.375
362,2.5
363,2.625
364,1.125
365,0.875
366,4.25
367,2.875
368,-1.0
369,-0.875
370,1.25
371,7.375
372,0.25
373,3.25
374,0.375
375,0.75
376,1.0
377,0.0
378,2.25
379,2.25
380,0.0
381,-0.625
382,2.875
383,0.375
384,5.375
385,1.5
386,1.625
387,0.0
388,1.25
389,-0.5
390,0.0
391,2.125
392,1.625
393,8.25
394,0.625
395,-1.0
396,-0.5
397,0.0
398,1.75
399,3.5
400,0.25
401,0.75
402,-0.125
403,2.125
404,2.25
405,0.375
406,0.625
407,1.75
408,2.125
409,0.0
410,1.5
411,-1.5
412,3.875
413,4.125
414,3.5
415,0.75
416,2.625
417,0.125
418,0.0
419,1.625
420,0.625
421,6.125
422,1.25
423,1.0
424,1.125
425,5.0
426,1.25
427,2.25
428,10.5
429,1.5
430,-1.125
431,2.5
432,-0.375
433,-0.875
434,4.875
435,-0.125
436,1.75
437,0.125
438,2.5
439,1.125
440,1.0
441,2.0
442,1.0
443,1.125
444,0.875
445,1.125
446,2.5
447,2.0
448,2.625
449,-0.625
450,2.5
451,0.25
452,0.0
453,0.75
454,1.75
455,-0.375
456,1.125
457,0.5
458,-0.375
459,0.0
460,-1.0
461,1.375
462,1.625
463,0.125
464,-0.125
465,3.125
466,0.5
467,0.0
468,1.875
469,1.5
470,4.0
471,1.819
472,1.5
473,1.875
474,2.375
475,0.25
476,1.0
477,0.5
478,-0.625
479,3.125
480,1.75
481,1.625
482,-0.5
483,0.416
484,0.0
485,1.125
486,1.875
487,2.125
488,-0.625
489,2.875
490,1.375
491,1.125
492,0.5
493,1.375
494,-1.0
495,1.875
496,2.5
497,0.5
498,2.875
499,2.125
500,1.125
501,-0.375
502,1.625
503,1.0
504,1.125
505,2.25
506,0.0
507,1.5
508,0.875
509,1.125
510,-1.0
511,2.125
512,0.5
513,1.25
514,1.75
515,0.875
516,0.625
517,2.625
518,1.625
519,0.625
520,0.5
521,1.25
522,1.25
523,0.625
524,1.75
525,9.25
526,0.5
527,0.25
528,1.625
529,2.125
530,1.375
531,2.75
532,0.125
533,-1.237
534,0.125
535,1.125
536,1.875
537,0.75
538,0.0
539,0.625
540,-1.125
541,0.875
542,0.75
543,1.75
544,2.625
545,-0.25
546,0.0
547,2.125
548,3.125
549,-1.625
550,0.0
551,0.75
552,-0.125
553,2.25
554,1.125
555,1.5
556,2.25
557,-1.681
558,1.0
559,1.0
560,3.625
561,1.0
562,0.75
563,1.75
564,0.875
565,2.125
566,1.25
567,1.0
568,1.0
569,0.25
570,0.625
571,2.125
572,-0.5
573,0.125
574,1.875
575,0.375
576,3.75
577,1.875
578,1.5
579,-1.25
580,-0.375
581,0.0
582,0.0
583,0.0
584,1.125
585,0.25
586,1.0
587,0.875
588,0.0
589,5.375
590,2.625
591,-0.375
592,2.0
593,1.125
594,3.125
595,2.875
596,0.875
597,0.5
598,0.625
599,3.125
600,1.875
601,3.125
602,5.75
603,3.0
604,3.875
605,0.0
606,2.125
607,0.125
608,1.5
609,1.125
610,1.875
611,1.0
612,1.5
613,2.875
614,1.125
615,1.0
616,1.0
617,-0.125
618,0.75
619,0.0
620,1.375
621,2.375
622,1.0
623,1.125
624,-2.5
625,1.375
626,0.875
627,1.75
628,3.0
629,1.0
630,0.25
631,0.625
632,0.125
633,0.75
634,0.5
635,0.75
636,1.375
637,2.25
638,0.75
639,0.0
640,1.875
641,1.875
642,0.875
643,0.0
644,3.5
645,2.5
646,2.125
647,0.5
648,1.75
649,2.25
650,-3.0
651,1.25
652,3.5
653,1.5
654,0.0
655,3.625
656,0.75
657,1.25
658,1.125
659,5.0
660,5.25
661,0.875
662,4.125
663,2.875
664,0.375
665,3.875
666,-0.25
667,2.5
668,2.125
669,4.75
670,3.75
671,2.875
672,2.5
673,0.125
674,0.875
675,2.875
676,1.125
677,1.0
678,1.625
679,1.625
680,-1.875
681,1.5
682,2.125
683,1.125
684,-0.75
685,1.0
686,1.0
687,-0.125
688,0.75
689,3.75
690,0.75
691,3.875
692,0.75
693,2.25
694,1.75
695,1.875
696,0.75
697,-0.25
698,1.875
699,0.0
700,1.25
701,-0.5
702,1.25
703,2.75
704,0.5
705,0.75
706,0.125
707,0.5
708,3.75
709,1.875
710,0.375
711,0.5
712,3.5
713,1.75
714,3.375
715,4.375
716,1.75
717,0.875
718,1.0
719,-3.5
720,0.375
721,0.875
722,3.75
723,2.25
724,1.125
725,1.5
726,0.75
727,0.625
728,1.25
729,-0.306
730,1.5
731,1.125
732,1.0
733,1.5
734,-0.25
735,0.0
736,0.375
737,0.0
738,0.0
739,0.75
740,-2.0
741,1.0
742,3.125
743,-0.875
744,0.625
745,0.375
746,-0.375
747,3.5
748,-0.125
749,1.375
750,0.75
751,0.0
752,0.25
753,2.25
754,2.875
755,0.75
756,0.875
757,0.875
758,2.0
759,0.5
760,0.75
761,3.25
762,1.0
763,-0.625
764,-1.25
765,-0.75
766,0.125
767,0.375
768,0.75
769,1.375
770,0.25
771,0.75
772,5.125
773,3.25
774,0.375
775,-0.125
776,0.0
777,2.375
778,1.25
779,0.375
780,3.0
781,1.375
782,7.375
783,2.25
784,0.875
785,3.875
786,2.5
787,5.75
788,0.25
789,1.25
790,2.625
791,0.625
792,1.75
793,0.0
794,1.375
795,1.125
796,0.5
797,3.0
798,-0.125
799,1.25
800,1.25
801,2.125
802,1.75
803,1.5
804,1.0
805,0.625
806,2.0
807,0.375
808,1.75
809,3.375
810,-0.625
811,1.0
812,-0.625
813,1.375
814,1.375
815,0.0
816,1.5
817,2.25
818,0.625
819,0.5
820,1.5
821,0.875
822,5.625
823,0.0
824,0.625
825,-0.625
826,0.875
827,0.5
828,1.375
829,1.0
830,0.5
831,1.375
832,0.125
833,1.75
834,-0.125
835,-0.375
836,2.625
837,0.875
838,2.0
839,-0.125
840,-2.125
841,1.25
842,6.75
843,2.625
844,0.625
845,-1.25
846,4.125
847,2.125
848,0.125
849,0.75
850,1.375
851,1.875
852,0.0
853,4.5
854,0.25
855,1.0
856,-0.75
857,-0.625
858,0.0
859,3.0
860,1.625
861,2.125
862,2.125
863,0.5
864,0.625
865,-1.0
866,0.0
867,2.125
868,0.375
869,1.125
870,0.375
871,0.5
872,1.5
873,0.625
874,0.0
875,3.875
876,7.125
877,0.25
878,2.5
879,1.75
880,1.25
881,0.25
882,1.375
883,0.5
884,1.125
885,2.25
886,0.0
887,-1.25
888,1.75
889,0.625
890,0.75
891,2.375
892,1.5
893,0.5
894,5.125
895,1.25
896,0.875
897,0.0
898,0.5
899,1.375
900,0.0
901,1.0
902,-0.625
903,6.25
904,0.0
905,0.125
906,2.375
907,0.0
908,1.75
909,0.75
910,0.25
911,-0.5
912,3.125
913,-3.625
914,1.25
915,3.375
916,0.0
917,2.25
918,2.25
919,0.5
920,0.875
921,1.125
922,1.5
923,3.0
924,-0.75
925,6.5
926,6.5
927,2.875
928,0.5
929,0.0
930,3.0
931,1.25
932,1.375
933,3.375
934,0.25
935,0.25
936,1.75
937,-1.25
938,2.5
939,3.0
940,-0.25
941,-0.5
942,1.75
943,0.125
944,1.875
945,0.125
946,-1.625
947,0.75
948,-3.306
949,-0.625
950,1.25
951,0.0
952,-1.0
953,0.875
954,0.375
955,4.0
956,0.625
957,1.625
958,1.25
959,1.375
960,1.375
961,5.0
962,-1.125
963,2.5
964,-1.0
965,1.125
966,-0.25
967,3.875
968,1.625
969,-0.875
970,2.625
971,0.125
972,-0.5
973,-1.875
974,1.625
975,0.0
976,0.125
977,0.0
978,1.25
979,0.25
980,-1.875
981,0.75
982,1.875
983,0.25
984,0.375
985,4.125
986,0.5
987,4.875
988,2.75
989,1.875
990,0.5
991,-0.75
992,1.5
993,1.875
994,-0.125
995,0.75
996,1.25
997,0.75
998,2.75
999,0.625
1000,1.375
1001,-0.125
1002,1.5
1003,1.875
1004,-0.25
1005,2.0
1006,0.875
1007,1.5
1008,1.0
1009,1.0
1010,-0.75
1011,1.75
1012,1.375
1013,0.125
1014,1.125
1015,3.0
1016,0.875
1017,0.125
1018,0.875
1019,2.0
1020,1.875
1021,0.375
1022,-1.5
1023,2.25
1024,0.25
1025,2.5
1026,3.125
1027,0.25
1028,4.0
1029,-1.375
1030,1.0
1031,2.125
1032,0.75
1033,0.25
1034,4.25
1035,0.375
1036,4.25
1037,1.0
1038,0.125
1039,0.875
1040,-0.125
1041,-0.125
1042,0.375
1043,3.625
1044,0.5
1045,-2.625
1046,0.125
1047,1.75
1048,1.125
1049,1.875
1050,2.25
1051,1.75
1052,-1.0
1053,0.375
1054,-0.375
1055,0.0
1056,-0.25
1057,2.0
1058,4.875
1059,0.444
1060,4.5
1061,0.625
1062,-0.25
1063,4.25
1064,0.75
1065,-0.625
1066,1.25
1067,-0.25
1068,0.0
1069,1.5
1070,0.125
1071,1.875
1072,1.875
1073,0.375
1074,-0.625
1075,0.625
1076,-0.125
1077,1.0
1078,-0.875
1079,0.875
1080,1.125
1081,1.125
1082,2.125
1083,0.5
1084,4.0
1085,-0.375
1086,0.25
1087,1.875
1088,0.125
1089,-1.0
1090,0.625
1091,1.125
1092,1.0
1093,1.875
1094,-0.25
1095,3.125
1096,3.0
1097,1.625
1098,4.25
1099,1.0
1100,4.0
1101,1.875
1102,2.5
1103,-0.5
1104,1.0
1105,-0.625
1106,1.25
1107,1.75
1108,-0.5
1109,-1.625
1110,1.375
1111,0.5
1112,1.0
1113,3.625
1114,1.125
1115,1.625
1116,-0.25
1117,0.75
1118,-0.75
1119,1.75
1120,-0.5
1121,0.375
1122,2.0
1123,-0.375
1124,1.875
1125,1.875
1126,0.0
1127,-0.25
1128,0.5
1129,3.375
1130,1.875
1131,2.625
1132,3.25
1133,1.0
1134,2.0
1135,1.375
1136,0.125
1137,1.5
1138,-1.0
1139,-0.25
1140,0.0
1141,4.375
1142,1.5
1143,2.75
1144,-1.125
1145,1.25
1146,1.875
1147,1.25
1148,1.25
1149,-0.25
1150,2.25
1151,3.5
1152,0.5
1153,0.5
1154,-0.125
1155,0.75
1156,0.0
1157,0.125
1158,-0.5
1159,-1.25
1160,2.125
1161,0.25
1162,0.75
1163,0.625
1164,1.375
1165,0.0
1166,-0.25
1167,1.125
1168,1.125
1169,0.25
1170,1.5
1171,0.375
1172,5.875
1173,2.125
1174,1.0
1175,1.125
1176,0.875
1177,0.125
1178,0.5
1179,6.5
1180,2.25
1181,1.125
1182,2.125
1183,0.375
1184,1.5
1185,7.125
1186,1.875
1187,0.25
1188,0.444
1189,-0.125
1190,5.25
1191,1.0
1192,2.25
1193,0.75
1194,0.25
1195,0.125
1196,0.875
1197,0.125
1198,1.875
1199,0.375
1200,1.0
1201,-1.375
1202,1.375
1203,-0.375
1204,0.375
1205,0.0
1206,2.5
1207,-2.125
1208,-0.125
1209,0.25
1210,1.5
1211,0.0
1212,3.0
1213,2.5
1214,0.0
1215,1.375
1216,0.0
1217,2.875
1218,1.625
1219,-0.125
1220,1.5
1221,4.25
1222,-0.375
1223,-1.0
1224,2.75
1225,1.5
1226,0.0
1227,0.875
1228,0.0
1229,1.5
1230,-0.5
1231,3.5
1232,0.75
1233,4.25
1234,1.5
1235,0.875
1236,1.625
1237,-0.875
1238,3.25
1239,0.375
1240,6.0
1241,1.0
1242,3.875
1243,3.0
1244,-0.125
1245,0.5
1246,2.375
1247,1.0
1248,0.0
1249,-0.125
1250,2.125
1251,1.125
1252,7.75
1253,5.375
1254,0.75
1255,-0.25
1256,-1.875
1257,0.125
1258,0.0
1259,1.375
1260,0.75
1261,-2.0
1262,0.125
1263,2.375
1264,2.25
1265,1.0
1266,1.625
1267,1.875
1268,1.0
1269,7.875
1270,2.5
1271,3.875
1272,0.0
1273,2.25
1274,2.0
1275,1.5
1276,3.375
1277,2.375
1278,-0.375
1279,0.625
1280,2.625
1281,0.0
1282,1.75
1283,2.75
1284,1.125
1285,1.625
1286,2.75
1287,2.375
1288,3.625
1289,1.25
1290,1.625
1291,1.75
1292,1.625
1293,2.0
1294,1.875
1295,2.5
1296,0.25
1297,1.0
1298,0.375
1299,0.5
1300,2.125
1301,6.75
1302,3.25
1303,2.875
1304,3.5
1305,2.625
1306,0.375
1307,0.875
1308,-1.375
1309,0.75
1310,1.125
1311,0.125
1312,0.375
1313,1.875
1314,0.75
1315,2.5
1316,0.625
1317,2.5
1318,4.875
1319,1.625
1320,1.625
1321,7.0
1322,1.5
1323,5.5
1324,8.25
1325,0.125
1326,1.625
1327,0.125
1328,0.875
1329,0.0
1330,2.25
1331,0.375
1332,2.375
1333,0.625
1334,0.875
1335,1.0
1336,-0.125
1337,0.25
1338,-0.875
1339,1.5
1340,-0.125
1341,-0.625
1342,0.875
1343,-0.5
1344,1.5
1345,1.0
1346,1.375
1347,1.25
1348,5.125
1349,3.625
1350,1.5
1351,0.75
1352,2.0
1353,-0.125
1354,2.125
1355,0.75
1356,-1.0
1357,0.625
1358,3.875
1359,1.0
1360,0.0
1361,2.5
1362,1.75
1363,0.5
1364,0.875
1365,0.0
1366,2.625
1367,1.625
1368,0.25
1369,0.125
1370,-0.25
1371,0.25
1372,3.375
1373,0.125
1374,2.25
1375,0.0
1376,2.25
1377,4.125
1378,1.125
1379,0.0
1380,0.75
1381,-1.125
1382,0.0
1383,0.75
1384,2.0
1385,0.625
1386,0.625
1387,-0.375
1388,0.5
1389,0.5
1390,1.25
1391,4.875
1392,1.125
1393,2.0
1394,0.0
1395,0.125
1396,0.375
1397,1.25
1398,1.625
1399,1.625
1400,1.0
1401,0.875
1402,0.0
1403,1.375
1404,1.375
1405,-1.25
1406,9.0
1407,0.625
1408,-0.875
1409,1.375
1410,2.375
1411,-0.5
1412,0.0
1413,0.375
1414,0.75
1415,-0.25
1416,0.0
1417,1.125
1418,1.5
1419,3.875
1420,2.0
1421,1.25
1422,1.625
1423,-0.125
1424,0.125
1425,2.125
1426,0.5
1427,2.75
1428,3.125
1429,0.75
1430,1.625
1431,0.0
1432,4.75
1433,2.75
1434,-0.5
1435,2.375
1436,-0.75
1437,2.375
1438,2.125
1439,1.125
1440,4.0
1441,1.625
1442,1.0
1443,0.5
1444,1.125
1445,-0.75
1446,-0.375
1447,1.0
1448,2.0
1449,1.5
1450,3.125
1451,2.375
1452,1.25
1453,2.0
1454,-1.375
1455,1.125
1456,0.0
1457,1.25
1458,0.0
1459,-0.375
1460,-1.0
1461,-1.125
1462,2.125
1463,1.75
1464,0.5
1465,-0.375
1466,1.0
1467,1.25
1468,1.75
1469,2.125
1470,0.75
1471,0.625
1472,2.625
1473,5.25
1474,1.375
1475,3.5
1476,1.625
1477,0.875
1478,0.0
1479,0.625
1480,2.0
1481,1.875
1482,2.125
1483,1.625
1484,0.0
1485,4.0
1486,2.125
1487,0.5
1488,1.75
1489,0.25
1490,1.5
1491,1.0
1492,0.625
1493,1.75
1494,1.75
1495,3.25
1496,4.0
1497,2.5
1498,-0.125
1499,3.0
1500,0.125
1501,1.625
1502,1.625
1503,0.5
1504,-0.125
1505,0.0
1506,3.625
1507,1.625
1508,2.75
1509,0.75
1510,0.25
1511,-2.5
1512,0.0
1513,-0.25
1514,0.25
1515,1.125
1516,1.25
1517,4.125
1518,0.625
1519,-1.25
1520,0.0
1521,0.75
1522,2.625
1523,1.125
1524,1.375
1525,0.5
1526,0.375
1527,0.25
1528,0.75
1529,0.0
1530,0.375
1531,0.875
1532,4.125
1533,0.5
1534,2.875
1535,4.25
1536,0.5
1537,0.5
1538,0.125
1539,0.625
1540,1.125
1541,0.25
1542,2.0
1543,2.375
1544,1.5
1545,-0.125
1546,0.0
1547,1.375
1548,1.75
1549,-0.125
1550,0.125
1551,1.5
1552,0.25
1553,1.25
1554,-0.875
1555,3.5
1556,2.75
1557,-1.125
1558,0.25
1559,3.0
1560,0.625
1561,0.25
1562,0.0
1563,-0.625
1564,2.0
1565,2.375
1566,0.75
1567,4.375
1568,4.625
1569,1.625
1570,8.125
1571,0.25
1572,2.875
1573,2.125
1574,0.5
1575,1.625
1576,-0.125
1577,1.25
1578,1.75
1579,0.5
1580,4.375
1581,3.375
1582,1.375
1583,0.5
1584,1.5
1585,0.0
1586,-0.375
1587,-0.25
1588,0.5
1589,4.25
1590,2.125
1591,2.5
1592,-1.0
1593,0.875
1594,1.375
1595,1.25
1596,2.75
1597,0.375
1598,1.875
1599,0.375
1600,-0.875
1601,0.75
1602,-1.0
1603,0.625
1604,1.125
1605,3.375
1606,0.25
1607,-0.25
1608,2.0
1609,2.625
1610,-0.75
1611,0.0
1612,1.25
1613,0.125
1614,1.125
1615,0.625
1616,-0.125
1617,1.25
1618,0.75
1619,0.875
1620,3.0
1621,0.5
1622,1.125
1623,1.5
1624,3.375
1625,1.25
1626,-0.5
1627,1.125
1628,0.0
1629,0.0
1630,2.25
1631,0.875
1632,0.25
1633,1.375
1634,-1.375
1635,-0.5
1636,0.125
1637,1.125
1638,1.25
1639,0.625
1640,0.125
1641,2.75
1642,2.25
1643,0.0
1644,2.0
1645,0.375
1646,0.875
1647,0.5
1648,-0.125
1649,0.75
1650,0.0
1651,-0.5
1652,0.5
1653,2.5
1654,5.125
1655,1.125
1656,1.0
1657,0.125
1658,1.625
1659,0.0
1660,0.0
1661,-1.125
1662,0.0
1663,5.625
1664,0.0
1665,2.625
1666,0.0
1667,0.875
1668,0.5
1669,3.125
1670,2.75
1671,3.625
1672,1.25
1673,0.25
1674,3.125
1675,1.375
1676,2.5
1677,-0.625
1678,1.375
1679,3.25
1680,0.625
1681,-0.5
1682,1.0
1683,-0.625
1684,-1.25
1685,0.375
1686,3.75
1687,0.0
1688,0.625
1689,-1.75
1690,-0.25
1691,-0.375
1692,0.625
1693,2.0
1694,2.0
1695,0.375
1696,1.25
1697,-0.125
1698,2.375
1699,0.0
1700,2.375
1701,-1.25
1702,-1.875
1703,0.25
1704,0.375
1705,-0.375
1706,-0.125
1707,2.75
1708,0.5
1709,0.875
1710,0.125
1711,2.5
1712,6.25
1713,0.375
1714,1.0
1715,-0.5
1716,0.75
1717,3.25
1718,1.75
1719,3.25
1720,0.0
1721,2.0
1722,1.25
1723,2.25
1724,2.0
1725,2.25
1726,0.625
1727,1.375
1728,8.5
1729,5.625
1730,0.25
1731,-0.125
1732,2.0
1733,2.875
1734,-2.625
1735,-0.375
1736,0.25
1737,3.125
1738,1.625
1739,2.125
1740,1.75
1741,2.0
1742,3.875
1743,1.625
1744,0.875
1745,0.25
1746,1.75
1747,1.375
1748,-2.875
1749,8.0
1750,-0.125
1751,-0.25
1752,-0.5
1753,1.75
1754,0.25
1755,0.0
1756,2.5
1757,4.375
1758,1.125
1759,4.5
1760,0.0
1761,1.875
1762,6.25
1763,0.0
1764,-1.125
1765,0.625
1766,3.875
1767,2.0
1768,1.25
1769,2.125
1770,0.875
1771,1.125
1772,3.125
1773,3.5
1774,1.375
1775,0.125
1776,0.75
1777,0.0
1778,1.25
1779,1.375
1780,1.0
1781,0.625
1782,0.25
1783,5.125
1784,-1.5
1785,2.125
1786,1.625
1787,3.75
1788,0.75
1789,1.0
1790,3.875
1791,1.375
1792,1.0
1793,1.5
1794,0.0
1795,-1.625
1796,-0.125
1797,1.25
1798,0.5
1799,0.875
1800,-1.375
1801,0.625
1802,1.0
1803,1.0
1804,1.125
1805,0.5
1806,-0.375
1807,1.75
1808,0.125
1809,0.0
1810,0.5
1811,-0.25
1812,-0.875
1813,-0.25
1814,0.0
1815,1.875
1816,1.25
1817,3.0
1818,1.0
1819,4.0
1820,-0.75
1821,3.625
1822,3.0
1823,1.75
1824,1.75
1825,2.5
1826,1.0
1827,0.875
1828,2.0
1829,2.625
1830,-0.75
1831,0.625
1832,4.5
1833,1.5
1834,0.25
1835,1.125
1836,1.375
1837,5.125
1838,3.875
1839,1.25
1840,2.375
1841,1.125
1842,1.125
1843,-0.125
1844,5.0
1845,3.125
1846,-1.0
1847,1.375
1848,-0.5
1849,8.625
1850,0.625
1851,0.25
1852,0.375
1853,0.625
1854,1.5
1855,0.375
1856,1.125
1857,2.75
1858,-1.25
1859,1.125
1860,-0.875
1861,-1.75
1862,-0.5
1863,1.125
1864,0.25
1865,2.125
1866,6.375
1867,3.0
1868,4.0
1869,1.25
1870,0.0
1871,-0.125
1872,2.25
1873,6.25
1874,3.25
1875,-0.625
1876,1.5
1877,0.875
1878,2.875
1879,1.375
1880,1.25
1881,0.0
1882,0.125
1883,-0.375
1884,1.375
1885,1.125
1886,1.125
1887,2.0
1888,1.625
1889,0.5
1890,1.0
1891,0.75
1892,-0.625
1893,4.25
1894,4.0
1895,1.0
1896,1.25
1897,1.625
1898,1.0
1899,1.0
1900,1.0
1901,0.875
1902,1.125
1903,0.5
1904,1.375
1905,2.0
1906,-0.625
1907,0.5
1908,0.25
1909,0.5
1910,-0.125
1911,0.0
1912,0.5
1913,5.25
1914,-1.375
1915,1.125
1916,0.5
1917,0.75
1918,-0.125
1919,0.25
1920,-0.5
1921,0.125
1922,0.0
1923,1.0
1924,0.5
1925,2.0
1926,-0.75
1927,0.125
1928,2.0
1929,0.75
1930,1.5
1931,0.375
1932,0.0
1933,-0.5
1934,0.75
1935,1.5
1936,2.25
1937,1.75
1938,3.125
1939,4.0
1940,-0.5
1941,2.875
1942,1.375
1943,1.25
1944,0.625
1945,1.0
1946,2.75
1947,2.625
1948,0.375
1949,1.0
1950,0.875
1951,0.875
1952,0.25
1953,1.875
1954,1.125
1955,0.25
1956,0.125
1957,-3.125
1958,0.25
1959,0.375
1960,-1.0
1961,0.25
1962,0.125
1963,1.0
1964,1.0
1965,-1.375
1966,-0.625
1967,0.875
1968,-1.125
1969,6.0
1970,0.875
1971,3.0
1972,0.125
1973,0.125
1974,0.125
1975,0.75
1976,1.75
1977,2.25
1978,2.5
1979,0.625
1980,1.125
1981,1.25
1982,17.375
1983,0.25
1984,4.625
1985,0.875
1986,0.0
1987,2.75
1988,0.75
1989,3.375
1990,-0.25
1991,1.875
1992,4.125
1993,0.0
1994,0.125
1995,0.375
1996,0.875
1997,2.5
1998,3.25
1999,1.75
2000,2.625
2001,4.125
2002,-0.75
2003,2.375
2004,3.375
2005,2.0
2006,0.5
2007,1.875
2008,0.0
2009,7.0
2010,2.375
2011,0.875
2012,-0.125
2013,5.125
2014,1.5
2015,1.125
2016,-0.5
2017,-3.25
2018,0.0
2019,-0.125
2020,7.0
2021,4.375
2022,1.125
2023,0.625
2024,-0.625
2025,0.25
2026,1.228
2027,-1.375
2028,2.375
2029,1.0
2030,-0.125
2031,0.375
2032,-1.0
2033,0.0
2034,0.5
2035,-0.75
2036,1.875
2037,0.5
2038,1.75
2039,0.75
2040,2.25
2041,3.375
2042,0.0
2043,1.5
2044,3.75
2045,1.0
2046,-0.375
2047,2.375
2048,1.5
2049,1.125
2050,0.375
2051,1.625
2052,0.0
2053,-0.375
2054,4.125
2055,0.125
2056,1.125
2057,3.0
2058,0.25
2059,1.375
2060,2.0
2061,1.5
2062,-1.5
2063,3.625
2064,3.375
2065,0.5
2066,0.875
2067,1.375
2068,0.75
2069,1.375
2070,-0.375
2071,2.625
2072,2.0
2073,0.875
2074,1.375
2075,1.375
2076,-0.375
2077,0.0
2078,1.5
2079,2.625
2080,1.625
2081,2.125
2082,0.75
2083,-0.375
2084,1.75
2085,2.75
2086,1.625
2087,0.0
2088,2.0
2089,4.125
2090,1.75
2091,3.625
2092,0.875
2093,1.375
2094,2.0
2095,0.625
2096,0.125
2097,3.0
2098,3.375
2099,1.125
2100,1.375
2101,3.25
2102,0.875
2103,3.125
2104,0.875
2105,2.5
2106,3.5
2107,1.625
2108,
2109,
2110,
2111,0.625
2112,0.625
2113,0.125
2114,1.0
2115,2.125
2116,1.125
2117,0.875
2118,-0.5
2119,1.125
2120,2.875
2121,0.0
2122,-0.5
2123,1.5
2124,1.0
2125,0.125
2126,1.0
2127,0.375
2128,2.875
2129,1.5
2130,0.375
2131,2.625
2132,2.0
2133,0.375
2134,1.25
2135,0.375
2136,1.625
2137,3.125
2138,1.25
2139,3.125
2140,0.75
2141,1.125
2142,1.5
2143,1.75
2144,3.625
2145,0.0
2146,2.25
2147,2.75
2148,0.875
2149,2.0
2150,4.125
2151,-1.125
2152,1.125
2153,0.125
2154,0.75
2155,1.0
2156,2.625
2157,-1.875
2158,-0.875
2159,0.0
2160,1.5
2161,2.125
2162,-0.375
2163,1.0
2164,-1.25
2165,3.5
2166,-0.625
2167,0.875
2168,2.0
2169,2.625
2170,1.25
2171,5.0
2172,1.625
2173,1.125
2174,-0.125
2175,0.5
2176,1.125
2177,0.5
2178,-0.75
2179,2.375
2180,1.5
2181,6.25
2182,5.125
2183,0.375
2184,1.375
2185,0.0
2186,-1.25
2187,1.375
2188,1.75
2189,1.75
2190,-0.125
2191,0.875
2192,2.625
2193,-0.125
2194,1.5
2195,2.75
2196,0.375
2197,2.125
2198,-1.0
2199,0.625
2200,0.625
2201,3.25
2202,2.0
2203,-0.125
2204,0.875
2205,-0.375
2206,1.25
2207,1.5
2208,2.25
2209,0.25
2210,2.75
2211,2.0
2212,0.5
2213,0.625
2214,1.5
2215,0.5
2216,2.875
2217,0.0
2218,1.0
2219,0.875
2220,3.5
2221,0.875
2222,3.375
2223,1.375
2224,0.25
2225,-2.0
2226,-0.375
2227,-0.125
2228,1.25
2229,2.875
2230,1.25
2231,0.25
2232,0.0
2233,0.5
2234,0.0
2235,0.375
2236,0.0
2237,0.25
2238,-0.375
2239,4.625
2240,1.5
2241,0.875
2242,1.875
2243,-1.0
2244,-0.25
2245,0.125
2246,0.75
2247,3.125
2248,2.25
2249,3.375
2250,0.25
2251,2.625
2252,0.0
2253,0.0
2254,2.125
2255,1.125
2256,1.875
2257,0.5
2258,0.25
2259,1.25
2260,-1.0
2261,1.125
2262,2.25
2263,2.875
2264,-0.25
2265,-0.25
2266,1.625
2267,2.875
2268,1.5
2269,-0.75
2270,-0.25
2271,1.125
2272,1.125
2273,4.5
2274,1.375
2275,1.375
2276,1.75
2277,0.25
2278,0.75
2279,1.625
2280,4.75
2281,0.375
2282,1.5
2283,-0.5
2284,1.0
2285,2.875
2286,0.5
2287,0.875
2288,1.0
2289,4.5
2290,1.375
2291,4.5
2292,-0.625
2293,1.375
2294,0.75
2295,1.25
2296,1.875
2297,1.5
2298,1.5
2299,2.625
2300,1.375
2301,3.125
2302,1.0
2303,-0.75
2304,3.125
2305,0.125
2306,1.375
2307,-2.25
2308,-0.125
2309,2.375
2310,3.125
2311,-0.25
2312,0.0
2313,0.625
2314,0.25
2315,0.5
2316,4.25
2317,1.625
2318,-1.875
2319,5.375
2320,1.25
2321,0.375
2322,1.125
2323,1.75
2324,-0.25
2325,0.25
2326,0.125
2327,0.375
2328,0.125
2329,1.125
2330,-0.125
2331,0.375
2332,3.0
2333,1.5
2334,2.75
2335,-0.875
2336,2.25
2337,0.75
2338,0.25
2339,2.125
2340,-0.25
2341,0.125
2342,1.75
2343,1.0
2344,0.625
2345,0.125
2346,0.125
2347,1.375
2348,0.25
2349,-0.75
2350,1.625
2351,0.0
2352,1.5
2353,3.75
2354,3.875
2355,2.0
2356,0.875
2357,-0.25
2358,2.875
2359,2.0
2360,-0.5
2361,3.75
2362,1.25
2363,0.5
2364,1.625
2365,2.375
2366,-0.25
2367,0.125
2368,1.625
2369,3.0
2370,0.0
2371,2.25
2372,1.0
2373,0.75
2374,0.5
2375,0.25
2376,0.375
2377,0.625
2378,2.375
2379,0.5
2380,0.5
2381,1.375
2382,1.0
2383,0.0
2384,4.0
2385,0.875
2386,1.625
2387,1.75
2388,-0.375
2389,3.5
2390,0.125
2391,1.875
2392,4.125
2393,0.625
2394,1.5
2395,0.0
2396,0.375
2397,-0.25
2398,1.0
2399,1.0
2400,0.875
2401,1.125
2402,1.375
2403,0.0
2404,1.0
2405,1.375
2406,0.625
2407,2.125
2408,0.0
2409,0.375
2410,0.0
2411,0.375
2412,2.875
2413,3.0
2414,0.5
2415,2.875
2416,-0.375
2417,-1.25
2418,1.375
2419,0.625
2420,-0.5
2421,0.694
2422,1.75
2423,2.625
2424,0.0
2425,1.069
2426,2.25
2427,2.375
2428,0.25
2429,3.375
2430,1.375
2431,-0.125
2432,0.375
2433,-0.25
2434,5.375
2435,1.125
2436,2.25
2437,-2.0
2438,2.625
2439,2.125
2440,1.375
2441,0.125
2442,0.75
2443,-0.375
2444,0.875
2445,-0.375
2446,0.0
2447,2.0
2448,-0.25
2449,1.0
2450,4.75
2451,2.125
2452,1.875
2453,1.0
2454,4.25
2455,0.5
2456,1.125
2457,0.75
2458,4.25
2459,1.875
2460,1.5
2461,0.25
2462,0.125
2463,-0.25
2464,0.0
2465,2.375
2466,4.25
2467,0.375
2468,0.0
2469,0.5
2470,1.5
2471,0.625
2472,0.375
2473,0.125
2474,0.75
2475,2.75
2476,1.0
2477,0.75
2478,9.875
2479,1.0
2480,0.0
2481,0.625
2482,4.0
2483,0.5
2484,1.5
2485,1.125
2486,4.0
2487,1.375
2488,0.5
2489,0.375
2490,2.75
2491,1.875
2492,1.75
2493,3.75
2494,2.25
2495,3.125
2496,-0.75
2497,1.25
2498,0.125
2499,1.625
2500,0.0
2501,1.75
2502,1.5
2503,1.0
2504,0.0
2505,3.5
2506,3.5
2507,1.0
2508,0.0
2509,1.25
2510,2.375
2511,2.0
2512,2.375
2513,-1.125
2514,1.5
2515,1.625
2516,1.25
2517,2.875
2518,0.375
2519,4.25
2520,0.625
2521,4.0
2522,1.75
2523,1.25
2524,0.625
2525,2.125
2526,2.5
2527,1.0
2528,0.625
2529,1.125
2530,0.5
2531,1.125
2532,-0.375
2533,0.25
2534,0.75
2535,1.625
2536,0.5
2537,0.375
2538,0.0
2539,2.125
2540,1.375
2541,0.25
2542,3.625
2543,-0.625
2544,3.375
2545,1.625
2546,1.25
2547,0.875
2548,2.25
2549,3.5
2550,1.5
2551,0.375
2552,3.0
2553,5.625
2554,-1.125
2555,0.25
2556,1.875
2557,0.875
2558,0.625
2559,1.5
2560,2.125
2561,2.5
2562,0.5
2563,2.25
2564,1.75
2565,1.25
2566,4.875
2567,1.375
2568,2.0
2569,0.625
2570,1.875
2571,0.0
2572,0.25
2573,1.5
2574,5.125
2575,1.5
2576,2.375
2577,1.375
2578,1.5
2579,0.0
2580,0.5
2581,4.25
2582,2.375
2583,0.625
2584,-0.125
2585,0.875
2586,1.625
2587,-1.125
2588,0.0
2589,0.5
2590,0.125
2591,3.0
2592,4.5
2593,1.0
2594,2.5
2595,0.375
2596,1.0
2597,2.25
2598,7.625
2599,1.75
2600,1.0
2601,1.125
2602,-1.125
2603,1.375
2604,4.875
2605,2.0
2606,1.25
2607,1.25
2608,3.5
2609,1.375
2610,0.75
2611,2.0
2612,1.875
2613,1.875
2614,0.25
2615,4.375
2616,3.125
2617,1.5
2618,3.0
2619,9.625
2620,1.375
2621,-0.25
2622,-3.75
2623,1.75
2624,1.375
2625,1.625
2626,3.25
2627,2.875
2628,0.75
2629,1.75
2630,2.125
2631,1.375
2632,0.625
2633,0.5
2634,2.375
2635,-1.5
2636,2.25
2637,0.0
2638,4.5
2639,0.5
2640,2.875
2641,1.5
2642,0.875
2643,0.25
2644,1.25
2645,-0.625
2646,0.125
2647,0.25
2648,4.125
2649,2.375
2650,-1.75
2651,-1.75
2652,0.875
2653,0.875
2654,-0.125
2655,4.375
2656,1.625
2657,0.0
2658,1.0
2659,3.0
2660,-0.75
2661,1.5
2662,0.513
2663,1.125
2664,0.25
2665,3.0
2666,1.125
2667,1.375
2668,0.25
2669,1.0
2670,0.0
2671,0.375
2672,0.5
2673,0.75
2674,0.0
2675,2.5
2676,2.0
2677,1.0
2678,4.5
2679,1.0
2680,4.375
2681,-1.25
2682,0.875
2683,3.5
2684,3.25
2685,0.0
2686,2.375
2687,5.5
2688,2.0
2689,3.375
2690,0.75
2691,-0.25
2692,0.5
2693,1.25
2694,0.5
2695,1.125
2696,0.5
2697,0.625
2698,1.125
2699,1.25
2700,0.0
2701,2.25
2702,1.75
2703,2.25
2704,1.125
2705,1.25
2706,1.5
2707,1.375
2708,0.625
2709,0.375
2710,-0.5
2711,1.5
2712,2.625
2713,1.625
2714,2.75
2715,0.25
2716,2.0
2717,4.875
2718,1.0
2719,0.25
2720,0.25
2721,-0.5
2722,0.125
2723,0.875
2724,1.25
2725,0.875
2726,-0.625
2727,1.625
2728,-0.125
2729,0.375
2730,2.375
2731,0.375
2732,2.125
2733,0.625
2734,-0.125
2735,-0.625
2736,2.375
2737,2.875
2738,0.875
2739,0.5
2740,-1.0
2741,3.75
2742,1.0
2743,-0.25
2744,0.5
2745,3.75
2746,3.625
2747,2.5
2748,-1.625
2749,1.0
2750,3.375
2751,2.375
2752,1.125
2753,3.5
2754,0.625
2755,0.25
2756,1.75
2757,-0.5
2758,-0.5
2759,1.125
2760,1.125
2761,5.625
2762,1.625
2763,2.0
2764,2.5
2765,-0.875
2766,3.375
2767,0.75
2768,2.0
2769,1.5
2770,1.5
2771,0.0
2772,0.125
2773,1.625
2774,0.125
2775,0.125
2776,-1.5
2777,0.125
2778,0.625
2779,0.25
2780,0.0
2781,0.25
2782,1.0
2783,0.75
2784,0.75
2785,2.5
2786,1.625
2787,2.875
2788,4.25
2789,0.0
2790,2.5
2791,-1.25
2792,-0.875
2793,2.125
2794,2.25
2795,2.0
2796,2.375
2797,0.75
2798,5.0
2799,-1.375
2800,2.25
2801,2.25
2802,0.0
2803,1.375
2804,1.875
2805,0.5
2806,0.25
2807,-0.625
2808,1.0
2809,3.5
2810,1.5
2811,-0.375
2812,0.875
2813,2.875
2814,2.375
2815,2.5
2816,0.0
2817,-0.25
2818,2.25
2819,0.625
2820,0.75
2821,0.0
2822,4.375
2823,2.0
2824,0.75
2825,3.75
2826,0.0
2827,4.5
2828,0.0
2829,1.25
2830,0.25
2831,1.375
2832,1.125
2833,1.75
2834,0.125
2835,2.75
2836,2.625
2837,0.875
2838,-1.0
2839,-1.375
2840,0.0
2841,1.75
2842,0.0
2843,1.0
2844,2.25
2845,0.75
2846,1.0
2847,0.625
2848,5.625
2849,2.75
2850,1.0
2851,0.5
2852,1.5
2853,2.375
2854,0.625
2855,1.25
2856,0.75
2857,1.375
2858,1.5
2859,0.875
2860,6.375
2861,1.375
2862,0.0
2863,1.625
2864,1.375
2865,1.0
2866,0.5
2867,-1.0
2868,-1.5
2869,0.5
2870,-0.5
2871,0.0
2872,1.0
2873,1.25
2874,0.5
2875,1.0
2876,1.625
2877,1.875
2878,1.5
2879,0.75
2880,1.875
2881,0.5
2882,3.125
2883,0.5
2884,1.375
2885,1.5
2886,1.5
2887,2.125
2888,2.625
2889,-0.625
2890,2.75
2891,0.0
2892,0.75
2893,0.125
2894,2.875
2895,-0.875
2896,0.875
2897,0.125
2898,1.875
2899,-0.375
2900,1.0
2901,0.5
2902,0.0
2903,0.25
2904,6.5
2905,2.75
2906,0.875
2907,0.625
2908,2.25
2909,1.0
2910,1.5
2911,2.375
2912,-0.75
2913,1.5
2914,0.0
2915,0.625
2916,3.125
2917,-0.375
2918,0.375
2919,2.0
2920,4.0
2921,2.875
2922,0.25
2923,1.25
2924,1.75
2925,1.875
2926,0.0
2927,0.875
2928,-0.625
2929,-2.25
2930,0.25
2931,1.5
2932,1.375
2933,0.875
2934,0.75
2935,2.25
2936,-0.125
2937,0.875
2938,0.0
2939,-0.625
2940,1.375
2941,1.75
2942,2.5
2943,1.5
2944,1.125
2945,0.75
2946,0.875
2947,1.25
2948,-1.0
2949,0.75
2950,2.875
2951,2.625
2952,1.625
2953,1.5
2954,2.625
2955,0.875
2956,0.75
2957,2.0
2958,0.0
2959,0.75
2960,1.625
2961,0.0
2962,0.25
2963,0.5
2964,1.5
2965,1.875
2966,-1.25
2967,1.625
2968,0.0
2969,-0.75
2970,0.375
2971,-0.125
2972,-1.875
2973,0.0
2974,0.375
2975,3.125
2976,0.375
2977,0.375
2978,0.375
2979,0.0
2980,1.625
2981,0.25
2982,2.125
2983,0.875
2984,0.5
2985,-0.5
2986,0.25
2987,0.5
2988,0.0
2989,0.875
2990,1.625
2991,0.125
2992,1.25
2993,2.0
2994,1.5
2995,0.625
2996,0.625
2997,2.0
2998,0.0
2999,0.125
3000,0.125
3001,4.125
3002,3.5
3003,2.875
3004,-1.625
3005,4.875
3006,0.875
3007,0.625
3008,0.125
3009,1.375
3010,2.375
3011,0.0
3012,0.0
3013,2.75
3014,0.0
3015,6.25
3016,0.625
3017,0.0
3018,1.625
3019,0.375
3020,0.5
3021,0.0
3022,1.25
3023,1.0
3024,0.375
3025,-0.125
3026,2.5
3027,0.0
3028,1.625
3029,1.125
3030,2.5
3031,6.0
3032,0.5
3033,1.875
3034,0.125
3035,0.0
3036,0.5
3037,2.75
3038,2.0
3039,4.25
3040,1.375
3041,2.625
3042,2.25
3043,-0.375
3044,0.625
3045,0.125
3046,0.875
3047,0.25
3048,1.75
3049,2.375
3050,-1.375
3051,1.125
3052,1.75
3053,-0.375
3054,1.75
3055,2.5
3056,0.375
3057,-0.125
3058,0.375
3059,-0.5
3060,3.375
3061,3.0
3062,3.25
3063,0.0
3064,2.375
3065,-1.0
3066,0.125
3067,1.625
3068,1.125
3069,-0.25
3070,1.75
3071,2.0
3072,2.875
3073,1.5
3074,-0.5
3075,0.0
3076,2.5
3077,0.5
3078,1.625
3079,-0.75
3080,3.75
3081,2.5
3082,1.75
3083,3.25
3084,0.875
3085,2.125
3086,0.625
3087,1.25
3088,4.25
3089,0.75
3090,0.0
3091,1.5
3092,0.0
3093,2.875
3094,2.5
3095,1.625
3096,2.0
3097,-0.5
3098,0.25
3099,1.0
3100,4.25
3101,0.25
3102,-0.5
3103,5.5
3104,2.5
3105,1.5
3106,1.625
3107,0.25
3108,3.5
3109,0.75
3110,5.625
3111,0.125
3112,4.75
3113,-0.125
3114,-0.625
3115,1.875
3116,-0.625
3117,3.75
3118,0.375
3119,-1.5
3120,4.25
3121,1.25
3122,0.625
3123,1.875
3124,-0.25
3125,0.5
3126,2.375
3127,1.5
3128,-2.0
3129,2.5
3130,0.75
3131,1.25
3132,-0.75
3133,3.625
3134,0.625
3135,0.75
3136,0.0
3137,0.0
3138,2.25
3139,3.125
3140,0.625
3141,2.125
3142,1.375
3143,-0.25
3144,0.125
3145,4.125
3146,0.75
3147,1.25
3148,0.625
3149,0.125
3150,1.25
3151,0.0
3152,1.375
3153,-0.375
3154,0.0
3155,1.375
3156,0.875
3157,-0.875
3158,0.125
3159,1.625
3160,0.375
3161,0.0
3162,2.625
3163,1.25
3164,3.125
3165,0.875
3166,3.125
3167,2.125
3168,-0.5
3169,-0.25
3170,0.0
3171,2.375
3172,1.75
3173,0.375
3174,2.125
3175,0.0
3176,1.375
3177,1.0
3178,-0.375
3179,2.875
3180,3.0
3181,0.375
3182,2.75
3183,3.625
3184,0.875
3185,1.25
3186,-0.375
3187,6.75
3188,4.0
3189,3.0
3190,1.25
3191,3.0
3192,4.0
3193,0.125
3194,0.25
3195,-0.75
3196,2.125
3197,3.0
3198,3.375
3199,0.875
3200,1.625
3201,1.125
3202,0.5
3203,5.125
3204,0.625
3205,2.625
3206,2.75
3207,1.25
3208,4.0
3209,0.0
3210,2.625
3211,1.375
3212,3.625
3213,4.375
3214,2.875
3215,-0.375
3216,-0.125
3217,4.125
3218,0.5
3219,0.875
3220,4.75
3221,0.75
3222,2.0
3223,0.5
3224,1.5
3225,1.0
3226,0.125
3227,1.5
3228,0.125
3229,3.25
3230,0.5
3231,0.5
3232,0.125
3233,3.0
3234,-0.625
3235,-0.25
3236,1.25
3237,0.125
3238,1.25
3239,0.25
3240,0.25
3241,1.625
3242,-0.5
3243,5.875
3244,3.0
3245,1.125
3246,3.875
3247,0.25
3248,0.5
3249,0.125
3250,2.125
3251,0.625
3252,-0.875
3253,0.5
3254,2.25
3255,1.75
3256,2.125
3257,0.75
3258,1.125
3259,1.75
3260,0.5
3261,0.25
3262,1.0
3263,1.125
3264,1.75
3265,-0.75
3266,3.875
3267,1.75
3268,-1.0
3269,1.375
3270,2.25
3271,0.875
3272,0.875
3273,1.75
3274,1.875
3275,2.0
3276,-0.125
3277,1.625
3278,1.5
3279,1.875
3280,0.75
3281,0.875
3282,1.375
3283,-0.875
3284,0.125
3285,0.5
3286,1.625
3287,0.875
3288,-0.5
3289,0.75
3290,0.125
3291,1.125
3292,3.875
3293,2.5
3294,0.75
3295,-1.0
3296,1.625
3297,2.0
3298,0.375
3299,1.25
3300,2.125
3301,1.0
3302,0.25
3303,0.125
3304,0.125
3305,1.125
3306,2.875
3307,3.625
3308,0.375
3309,1.125
3310,2.125
3311,0.25
3312,0.0
3313,1.125
3314,1.75
3315,0.875
3316,0.75
3317,1.75
3318,0.875
3319,1.0
3320,-1.0
3321,1.625
3322,2.0
3323,0.375
3324,0.625
3325,1.625
3326,-1.25
3327,5.125
3328,0.0
3329,-0.875
3330,-1.0
3331,3.375
3332,0.0
3333,9.5
3334,-0.5
3335,0.25
3336,3.25
3337,0.5
3338,1.375
3339,2.25
3340,0.75
3341,-0.25
3342,-0.125
3343,0.0
3344,4.75
3345,0.25
3346,1.5
3347,0.875
3348,-0.875
3349,1.375
3350,1.5
3351,2.75
3352,1.75
3353,1.25
3354,0.5
3355,1.375
3356,3.25
3357,2.875
3358,2.25
3359,1.375
3360,0.5
3361,2.5
3362,0.0
3363,0.25
3364,1.625
3365,0.875
3366,2.25
3367,2.375
3368,0.625
3369,4.125
3370,2.25
3371,0.375
3372,3.0
3373,0.5
3374,4.0
3375,-0.5
3376,0.5
3377,1.75
3378,1.75
3379,2.25
3380,4.875
3381,0.625
3382,0.0
3383,0.875
3384,0.25
3385,-1.125
3386,4.5
3387,1.5
3388,1.125
3389,0.25
3390,0.875
3391,1.25
3392,2.75
3393,0.875
3394,1.625
3395,0.375
3396,2.75
3397,1.125
3398,0.375
3399,-1.0
3400,1.375
3401,0.875
3402,1.125
3403,2.625
3404,0.0
3405,0.875
3406,2.75
3407,0.0
3408,-0.5
3409,1.625
3410,0.0
3411,0.375
3412,0.25
3413,1.125
3414,1.875
3415,2.5
3416,0.625
3417,1.25
3418,2.5
3419,2.25
3420,0.375
3421,-0.375
3422,-0.125
3423,0.0
3424,1.75
3425,0.25
3426,2.375
3427,1.875
3428,5.125
3429,1.25
3430,0.375
3431,1.5
3432,0.0
3433,0.375
3434,4.25
3435,15.875
3436,1.75
3437,0.625
3438,0.125
3439,0.875
3440,1.0
3441,0.375
3442,-0.5
3443,0.625
3444,3.75
3445,1.0
3446,0.125
3447,0.0
3448,-0.625
3449,0.0
3450,1.25
3451,0.125
3452,2.375
3453,2.0
3454,-0.875
3455,2.0
3456,0.5
3457,1.5
3458,0.75
3459,1.875
3460,11.5
3461,1.25
3462,-0.125
3463,3.75
3464,1.875
3465,2.0
3466,0.0
3467,2.125
3468,2.0
3469,0.0
3470,-0.875
3471,2.25
3472,0.375
3473,0.75
3474,2.5
3475,1.875
3476,2.75
3477,0.75
3478,2.5
3479,0.875
3480,0.5
3481,5.125
3482,3.5
3483,0.375
3484,3.25
3485,0.25
3486,-1.375
3487,1.375
3488,3.0
3489,1.625
3490,0.75
3491,0.75
3492,1.25
3493,1.0
3494,2.875
3495,-0.25
3496,3.125
3497,2.25
3498,0.375
3499,-0.5
3500,1.625
3501,0.25
3502,-1.625
3503,0.75
3504,1.5
3505,3.25
3506,2.375
3507,2.5
3508,0.375
3509,3.375
3510,0.625
3511,1.375
3512,0.0
3513,1.5
3514,5.625
3515,2.25
3516,-0.25
3517,3.625
3518,1.5
3519,3.0
3520,1.5
3521,0.125
3522,1.875
3523,3.0
3524,0.25
3525,1.75
3526,0.5
3527,0.625
3528,-1.375
3529,0.0
3530,1.625
3531,1.875
3532,6.125
3533,2.25
3534,2.0
3535,1.125
3536,4.375
3537,0.875
3538,1.375
3539,1.625
3540,1.875
3541,0.75
3542,1.0
3543,3.75
3544,1.375
3545,4.75
3546,0.0
3547,0.875
3548,4.0
3549,1.0
3550,-0.375
3551,0.75
3552,0.375
3553,-0.25
3554,2.5
3555,0.0
3556,1.0
3557,0.25
3558,-0.375
3559,0.0
3560,0.125
3561,-0.875
3562,0.0
3563,2.875
3564,2.125
3565,0.5
3566,5.0
3567,0.5
3568,1.375
3569,1.125
3570,2.375
3571,1.0
3572,4.375
3573,1.625
3574,0.75
3575,-0.375
3576,0.0
3577,2.75
3578,0.0
3579,2.0
3580,2.75
3581,0.75
3582,1.75
3583,2.125
3584,-0.375
3585,-0.375
3586,1.0
3587,1.0
3588,3.875
3589,1.625
3590,0.125
3591,0.0
3592,0.375
3593,0.5
3594,4.25
3595,2.375
3596,-0.625
3597,0.625
3598,1.625
3599,1.375
3600,2.5
3601,0.875
3602,1.875
3603,1.375
3604,1.375
3605,0.75
3606,2.0
3607,1.625
3608,2.0
3609,-1.5
3610,-0.375
3611,1.25
3612,0.0
3613,1.125
3614,0.25
3615,0.125
3616,-6.25
3617,0.75
3618,1.625
3619,2.5
3620,0.0
3621,1.125
3622,0.375
3623,0.5
3624,1.375
3625,0.25
3626,1.5
3627,-0.375
3628,0.75
3629,0.0
3630,0.875
3631,2.5
3632,-0.25
3633,-0.75
3634,2.125
3635,0.5
3636,0.25
3637,2.625
3638,1.375
3639,0.625
3640,0.75
3641,2.75
3642,0.0
3643,1.625
3644,1.625
3645,0.875
3646,2.125
3647,0.375
3648,-0.625
3649,-0.25
3650,1.375
3651,0.0
3652,0.0
3653,0.125
3654,2.125
3655,4.0
3656,0.0
3657,0.0
3658,1.25
3659,0.125
3660,2.125
3661,-2.875
3662,1.25
3663,1.0
3664,2.25
3665,0.375
3666,0.5
3667,1.25
3668,0.5
3669,-0.125
3670,-0.125
3671,7.375
3672,1.875
3673,2.0
3674,4.0
3675,0.75
3676,-0.5
3677,3.0
3678,1.5
3679,0.875
3680,-2.25
3681,0.0
3682,3.125
3683,2.125
3684,0.5
3685,4.125
3686,1.375
3687,0.625
3688,2.75
3689,1.75
3690,1.375
3691,-0.125
3692,-1.125
3693,2.5
3694,1.625
3695,-0.125
3696,-0.625
3697,1.375
3698,2.0
3699,0.0
3700,1.375
3701,0.625
3702,1.0
3703,0.0
3704,-0.125
3705,0.25
3706,-0.5
3707,3.5
3708,2.125
3709,6.25
3710,3.0
3711,4.75
3712,2.625
3713,1.125
3714,0.25
3715,0.5
3716,2.5
3717,0.875
3718,1.25
3719,0.0
3720,1.875
3721,2.25
3722,0.125
3723,0.0
3724,1.875
3725,4.375
3726,1.125
3727,2.125
3728,1.75
3729,4.75
3730,0.875
3731,2.25
3732,0.625
3733,0.75
3734,1.0
3735,-0.25
3736,1.375
3737,0.0
3738,3.375
3739,2.375
3740,1.625
3741,0.0
3742,0.625
3743,1.25
3744,3.0
3745,1.0
3746,2.75
3747,1.75
3748,-0.125
3749,1.75
3750,1.5
3751,0.0
3752,3.625
3753,3.125
3754,1.875
3755,4.25
3756,4.25
3757,0.0
3758,0.625
3759,2.375
3760,1.875
3761,2.75
3762,4.75
3763,2.375
3764,2.75
3765,0.875
3766,1.5
3767,2.5
3768,0.375
3769,0.0
3770,-0.75
3771,2.875
3772,1.5
3773,1.625
3774,4.5
3775,-1.397
3776,-0.375
3777,0.25
3778,1.875
3779,1.25
3780,1.625
3781,2.0
3782,2.625
3783,2.875
3784,0.0
3785,2.875
3786,2.625
3787,2.0
3788,0.5
3789,1.625
3790,1.875
3791,-0.125
3792,0.0
3793,1.125
3794,-0.125
3795,3.0
3796,0.75
3797,-0.5
3798,0.625
3799,2.625
3800,2.75
3801,0.125
3802,1.75
3803,1.75
3804,0.75
3805,0.375
3806,2.875
3807,1.75
3808,-0.875
3809,1.125
3810,1.125
3811,-3.125
3812,0.375
3813,3.569
3814,0.125
3815,-0.125
3816,0.625
3817,2.25
3818,-0.625
3819,0.5
3820,0.0
3821,0.625
3822,1.5
3823,-0.125
3824,1.75
3825,4.125
3826,1.5
3827,2.625
3828,2.25
3829,0.375
3830,1.25
3831,1.125
3832,-6.25
3833,4.125
3834,-0.25
3835,0.25
3836,-0.5
3837,-0.375
3838,1.5
3839,1.75
3840,1.625
3841,2.75
3842,2.375
3843,-0.25
3844,0.375
3845,4.75
3846,0.625
3847,1.625
3848,0.25
3849,3.0
3850,1.569
3851,1.125
3852,-4.25
3853,1.375
3854,2.125
3855,1.25
3856,1.75
3857,1.25
3858,-1.125
3859,2.75
3860,1.75
3861,0.0
3862,1.5
3863,0.25
3864,-0.375
3865,1.125
3866,2.125
3867,1.25
3868,0.0
3869,0.0
3870,3.5
3871,1.5
3872,0.25
3873,0.75
3874,1.0
3875,1.25
3876,1.25
3877,2.25
3878,1.875
3879,2.75
3880,0.375
3881,2.875
3882,0.0
3883,1.75
3884,-0.125
3885,-0.375
3886,0.125
3887,0.875
3888,0.625
3889,0.0
3890,3.125
3891,0.125
3892,1.0
3893,4.125
3894,0.0
3895,-0.625
3896,0.625
3897,-0.5
3898,0.625
3899,1.875
3900,2.25
3901,-0.5
3902,2.125
3903,4.125
3904,1.25
3905,0.125
3906,3.625
3907,1.75
3908,-0.584
3909,1.75
3910,0.375
3911,5.75
3912,2.125
3913,0.875
3914,0.25
3915,0.0
3916,1.0
3917,-0.022
3918,1.5
3919,1.25
3920,0.125
3921,0.25
3922,0.25
3923,-0.5
3924,5.875
3925,-1.375
3926,-0.25
3927,-0.25
3928,0.25
3929,0.75
3930,0.75
3931,0.875
3932,-0.25
3933,2.375
3934,1.625
3935,0.125
3936,-0.125
3937,1.375
3938,-0.75
3939,1.625
3940,2.0
3941,2.375
3942,-0.125
3943,3.5
3944,4.375
3945,1.125
3946,2.75
3947,-0.25
3948,4.0
3949,2.25
3950,4.125
3951,0.5
3952,1.75
3953,2.125
3954,-1.0
3955,-0.375
3956,0.125
3957,0.5
3958,0.625
3959,1.25
3960,5.375
3961,0.5
3962,2.5
3963,2.625
3964,1.375
3965,3.375
3966,1.875
3967,-0.375
3968,3.625
3969,-0.125
3970,1.875
3971,1.5
3972,-0.125
3973,0.25
3974,-0.625
3975,2.125
3976,1.75
3977,-1.125
3978,1.125
3979,0.75
3980,1.5
3981,2.375
3982,1.875
3983,1.125
3984,1.625
3985,0.875
3986,0.0
3987,-0.125
3988,-0.625
3989,1.25
3990,2.25
3991,3.5
3992,2.5
3993,3.5
3994,0.875
3995,0.625
3996,1.375
3997,3.25
3998,3.625
3999,3.875
4000,2.625
4001,-1.125
4002,3.625
4003,1.875
4004,2.75
4005,0.25
4006,1.875
4007,-1.0
4008,-1.0
4009,0.625
4010,0.625
4011,1.125
4012,2.25
4013,1.75
4014,5.25
4015,1.625
4016,1.125
4017,1.5
4018,-1.25
4019,0.0
4020,1.25
4021,2.5
4022,-0.875
4023,2.0
4024,0.0
4025,6.5
4026,1.875
4027,1.25
4028,-0.125
4029,0.0
4030,1.0
4031,-1.875
4032,0.5
4033,-1.25
4034,-0.125
4035,1.75
4036,0.75
4037,-0.125
4038,0.75
4039,0.5
